{"LR": {"f1": {"in": ["gender", "SeniorCitizen", "Partner", "Dependents", "tenure", "PhoneService", "MultipleLines", "InternetService", "OnlineSecurity", "OnlineBackup", "DeviceProtection", "TechSupport", "StreamingTV", "StreamingMovies", "Contract", "PaperlessBilling", "PaymentMethod", "TheoMonthlyCharges", "tenure_bin", "MonthlyCharges_bin", "TotalCharges_bin", "DiffCharges_bin"], "out": ["DiffCharges", "MonthlyCharges", "TheoMonthlyCharges_bin", "TotalCharges"], "scores": [0.0, 0.0, 0.2424138087628469, 0.5277050674341331, 0.5369552592017153, 0.5230057696236289, 0.5075265811390216, 0.5001769194958473, 0.5041324307208256, 0.5096261791373825, 0.5562462221728165, 0.5831208864867825, 0.5815713777454486, 0.5817109447760317, 0.5839763613311499, 0.5821288810246732, 0.5873840286276689, 0.5911751737371945, 0.5890752176818609, 0.5896194797946016, 0.5911970370920063, 0.591292058110533, 0.5898288917426344, 0.587529238257724, 0.581929115640963, 0.5684120926767172], "max_score": 0.591292058110533, "num_features": 22}, "roc_auc": {"in": ["gender", "SeniorCitizen", "Partner", "Dependents", "tenure", "PhoneService", "MultipleLines", "InternetService", "OnlineSecurity", "OnlineBackup", "DeviceProtection", "TechSupport", "StreamingTV", "StreamingMovies", "Contract", "PaperlessBilling", "PaymentMethod", "MonthlyCharges", "TotalCharges", "TheoMonthlyCharges", "tenure_bin", "MonthlyCharges_bin", "TheoMonthlyCharges_bin", "TotalCharges_bin", "DiffCharges_bin"], "out": ["DiffCharges"], "scores": [0.7392426709587273, 0.7690272499657581, 0.780471129944904, 0.7984005219062603, 0.8029263192670347, 0.8056926518705172, 0.8059536304976902, 0.8072317472408861, 0.8078234166015263, 0.8147097586348078, 0.8297091529038353, 0.8383598440249166, 0.8379238220637293, 0.8376614777860472, 0.8402206306069824, 0.8402542768095934, 0.8413387097463417, 0.8424622268066602, 0.8434368009711456, 0.8433662998325939, 0.8432964733602628, 0.843331157756998, 0.8432509984264559, 0.8433511911053486, 0.8457442368278494, 0.8443454915379132], "max_score": 0.8457442368278494, "num_features": 25}}, "LDA": {"f1": {"in": ["gender", "SeniorCitizen", "Dependents", "tenure", "PhoneService", "MultipleLines", "InternetService", "OnlineSecurity", "OnlineBackup", "DeviceProtection", "TechSupport", "StreamingTV", "StreamingMovies", "Contract", "PaperlessBilling", "PaymentMethod", "TheoMonthlyCharges", "tenure_bin", "MonthlyCharges_bin", "TheoMonthlyCharges_bin", "TotalCharges_bin", "DiffCharges_bin"], "out": ["DiffCharges", "MonthlyCharges", "Partner", "TotalCharges"], "scores": [0.0, 0.5121672277171551, 0.48623558904038927, 0.4892607398483242, 0.513113385748534, 0.5683853857295729, 0.5479556363853633, 0.5463101893881397, 0.5536001591785382, 0.5624222996379414, 0.5574465508821002, 0.5686091192820248, 0.5716943812886743, 0.5693702552783707, 0.5668432322835135, 0.5704929499139857, 0.5721694431434876, 0.5745815239143475, 0.5750681427984903, 0.57840012801554, 0.5801160101726375, 0.5801263353675638, 0.5793456793653011, 0.5705860508458406, 0.570134247265649, 0.56906570929955], "max_score": 0.5801263353675638, "num_features": 22}, "roc_auc": {"in": ["gender", "SeniorCitizen", "Partner", "Dependents", "tenure", "PhoneService", "MultipleLines", "InternetService", "OnlineSecurity", "OnlineBackup", "DeviceProtection", "TechSupport", "StreamingTV", "StreamingMovies", "Contract", "PaperlessBilling", "PaymentMethod", "MonthlyCharges", "TotalCharges", "TheoMonthlyCharges", "tenure_bin", "MonthlyCharges_bin", "TheoMonthlyCharges_bin", "TotalCharges_bin", "DiffCharges_bin"], "out": ["DiffCharges"], "scores": [0.7048455118639991, 0.7831963939008485, 0.7906057765471475, 0.7997660182955952, 0.8118821824547273, 0.8255970911675072, 0.8262480792598168, 0.8267899105788477, 0.8294541768779178, 0.8285329671324446, 0.8280992747364753, 0.8304261630183145, 0.8315630933156871, 0.8315941870289496, 0.8314639468181836, 0.8317240335448579, 0.8319674208225329, 0.8319926299936137, 0.8327963632633326, 0.8331535835572224, 0.8345130612526808, 0.8352646342157607, 0.835293544195801, 0.840770389136015, 0.8431041888281324, 0.8429615844817764], "max_score": 0.8431041888281324, "num_features": 25}}, "KNN": {"f1": {"in": ["Contract"], "out": ["Dependents", "DeviceProtection", "DiffCharges", "DiffCharges_bin", "InternetService", "MonthlyCharges", "MonthlyCharges_bin", "MultipleLines", "OnlineBackup", "OnlineSecurity", "PaperlessBilling", "Partner", "PaymentMethod", "PhoneService", "SeniorCitizen", "StreamingMovies", "StreamingTV", "TechSupport", "TheoMonthlyCharges", "TheoMonthlyCharges_bin", "TotalCharges", "TotalCharges_bin", "gender", "tenure", "tenure_bin"], "scores": [0.5762973591993454, 0.4896586108126993, 0.4839124079065663, 0.5105224024848247, 0.5055086795460965, 0.5191250940769965, 0.523306023396238, 0.5430182628091973, 0.553639664550617, 0.556563807341315, 0.5616647796138916, 0.5601220285004406, 0.5560902563568214, 0.5661645166645192, 0.5614217408394464, 0.5539167338636992, 0.5548245093060235, 0.5585611723276868, 0.5522287321291293, 0.549876205574002, 0.5449901501188029, 0.5406902685178109, 0.5375906396840925, 0.5310541879889759, 0.5176310263115004, 0.4880911254514612], "max_score": 0.5762973591993454, "num_features": 1}, "roc_auc": {"in": ["Contract", "DiffCharges_bin", "InternetService", "MonthlyCharges_bin", "MultipleLines", "OnlineSecurity", "PaperlessBilling", "StreamingTV", "TechSupport", "TheoMonthlyCharges_bin", "tenure", "tenure_bin"], "out": ["Dependents", "DeviceProtection", "DiffCharges", "MonthlyCharges", "OnlineBackup", "Partner", "PaymentMethod", "PhoneService", "SeniorCitizen", "StreamingMovies", "TheoMonthlyCharges", "TotalCharges", "TotalCharges_bin", "gender"], "scores": [0.7302782387349239, 0.7479902717888984, 0.7574054562722583, 0.7631841792623781, 0.7649771310889131, 0.7823402379578722, 0.7870949932911548, 0.7885675714718801, 0.7915766847718076, 0.7920694117181479, 0.7919433806993036, 0.7934117753997993, 0.7910956388352071, 0.7902851368631542, 0.7909483586646022, 0.7900070895477543, 0.789969793047045, 0.7902645886797631, 0.7923642523651149, 0.7879839339393805, 0.7887079272314298, 0.7886883291245966, 0.7846333022023677, 0.7658954468357901, 0.7632910708516579, 0.7428859325021684], "max_score": 0.7934117753997993, "num_features": 12}}, "CART": {"f1": {"in": ["gender", "SeniorCitizen", "Partner", "Dependents", "tenure", "MultipleLines", "InternetService", "OnlineSecurity", "OnlineBackup", "DeviceProtection", "TechSupport", "StreamingMovies", "Contract", "PaperlessBilling", "PaymentMethod", "MonthlyCharges", "TotalCharges", "DiffCharges", "TheoMonthlyCharges", "DiffCharges_bin"], "out": ["MonthlyCharges_bin", "PhoneService", "StreamingTV", "TheoMonthlyCharges_bin", "TotalCharges_bin", "tenure_bin"], "scores": [0.3314796115791912, 0.4706431173046539, 0.46380255559983796, 0.48587959358442917, 0.482035954731111, 0.4881891760084569, 0.5065504144545729, 0.5008030594932525, 0.5033695827290009, 0.4861117744338409, 0.4906880430397669, 0.4909401036275901, 0.4880459471373168, 0.5008361467417399, 0.5100101748252636, 0.5072513321570737, 0.5127836794798573, 0.5086966222328623, 0.5043705310342649, 0.5186263236457872, 0.5129492582002667, 0.5032775866455778, 0.5084974941222935, 0.5055402916043659, 0.5063916874679023, 0.5107439020127871], "max_score": 0.5186263236457872, "num_features": 20}, "roc_auc": {"in": ["gender", "SeniorCitizen", "Partner", "Dependents", "tenure", "OnlineSecurity", "OnlineBackup", "DeviceProtection", "TechSupport", "StreamingTV", "StreamingMovies", "Contract", "PaperlessBilling", "PaymentMethod", "MonthlyCharges", "TotalCharges", "DiffCharges", "TheoMonthlyCharges", "DiffCharges_bin"], "out": ["InternetService", "MonthlyCharges_bin", "MultipleLines", "PhoneService", "TheoMonthlyCharges_bin", "TotalCharges_bin", "tenure_bin"],